file,run_name,final_train_perplexity,final_val_perplexity,final_train_loss,final_val_loss,parameter_count,training_time_sec,seed,hp.local_rank,hp.deepspeed_config,hp.use_deepspeed,hp.local_batch_size,hp.use_gpu_amount,hp.learning_rate,hp.validate_every_steps,hp.save_checkpoint_every_steps,hp.generate_every,hp.seq_len,hp.total_tokens,hp.epochs,hp.grad_clip_norm,hp.beta1,hp.beta2,hp.weight_decay,hp.tokenizer_path,hp.ngrc_d_model,hp.ngrc_lag,hp.ngrc_poly_degree,hp.ngrc_max_cross_terms,hp.ngrc_readout_rank,hp.ngrc_embed_frozen,hp.ngrc_training,hp.ngrc_loss,hp.ngrc_ridge_alpha,hp.ngrc_ridge_max_batches,hp.dataset_path,hp.val_dataset_path,hp.wandb_project,hp.wandb_run_name,hp.api_file,hp.hf_repo,hp.hf_private,hp.enable_compile,hp.ngrc_feature
../reports_ngrc/NGRC_LM(100.01M_d512_lag256_poly1_rank512_lr0.0005_bs200_seq256_20251214-120545_report.txt,NGRC_LM(100.01M_d512_lag256_poly1_rank512_lr0.0005_bs200_seq256_20251214-120545,422.27355693435413,471.65604418826433,6.045653343200684,6.15625,100008448,1799.7841539382935,4604091,0,ds_config.json,False,200,1,0.0005,200,200,1000,256,100000000.0,1,0.0,0.9,0.95,0.1,meta-llama/Llama-2-7b-hf,512,256,1.0,256,512.0,False,sgd,ce,0.001,200,HuggingFaceFW/fineweb-edu,vesteinn/babylm,NGRC_LanguageModel,,api.txt,,True,False,
../reports_ngrc/NGRC_LM(108.40M_d512_lag96_poly3_rank512_lr0.0005_bs200_seq256_20251216-191616_report.txt,NGRC_LM(108.40M_d512_lag96_poly3_rank512_lr0.0005_bs200_seq256_20251216-191616,295.5974904004064,304.5240299109616,5.688998699188232,5.71875,108397056,1695.344187259674,1960608,0,ds_config.json,False,200,1,0.0005,200,200,1000,256,100000000.0,1,0.0,0.9,0.95,0.1,meta-llama/Llama-2-7b-hf,512,96,3.0,256,512.0,False,sgd,ce,0.001,200,HuggingFaceFW/fineweb-edu,vesteinn/babylm,NGRC_LanguageModel,,api.txt,,True,False,
../reports_ngrc/NGRC_LM(19.06M_d64_lag5_poly3_rank512_lr0.0005_bs200_seq256_20251216-222806_report.txt,NGRC_LM(19.06M_d64_lag5_poly3_rank512_lr0.0005_bs200_seq256_20251216-222806,437.9946633081364,486.6280141983472,6.082206726074219,6.1875,19055104,265.5980453491211,4754215,0,ds_config.json,False,200,1,0.0005,200,200,1000,256,100000000.0,1,0.0,0.9,0.95,0.1,meta-llama/Llama-2-7b-hf,64,5,3.0,256,512.0,False,sgd,ce,0.001,200,HuggingFaceFW/fineweb-edu,vesteinn/babylm,NGRC_LanguageModel,,api.txt,,True,False,
../reports_ngrc/NGRC_LM(19.09M_d64_lag16_poly1_rank512_lr0.0005_bs200_seq256_20251214-094843_report.txt,NGRC_LM(19.09M_d64_lag16_poly1_rank512_lr0.0005_bs200_seq256_20251214-094843,606.5668710203063,586.9854309417088,6.407814979553223,6.375,19087872,269.4286832809448,2498032,0,ds_config.json,False,200,1,0.0005,200,200,1000,256,100000000.0,1,0.0,0.9,0.95,0.1,meta-llama/Llama-2-7b-hf,64,16,1.0,256,512.0,False,sgd,ce,0.001,200,HuggingFaceFW/fineweb-edu,vesteinn/babylm,NGRC_LanguageModel,,api.txt,,True,False,
../reports_ngrc/NGRC_LM(19.55M_d64_lag10_poly3_rank512_lr0.0005_bs200_seq256_20251216-223418_report.txt,NGRC_LM(19.55M_d64_lag10_poly3_rank512_lr0.0005_bs200_seq256_20251216-223418,448.43058525135285,457.14471326890896,6.1057538986206055,6.125,19546624,275.58247447013855,4910806,0,ds_config.json,False,200,1,0.0005,200,200,1000,256,100000000.0,1,0.0,0.9,0.95,0.1,meta-llama/Llama-2-7b-hf,64,10,3.0,256,512.0,False,sgd,ce,0.001,200,HuggingFaceFW/fineweb-edu,vesteinn/babylm,NGRC_LanguageModel,,api.txt,,True,False,
../reports_ngrc/NGRC_LM(19.61M_d64_lag16_poly2_rank512_lr0.0005_bs200_seq256_20251214-094843_report.txt,NGRC_LM(19.61M_d64_lag16_poly2_rank512_lr0.0005_bs200_seq256_20251214-094843,502.5511749444785,443.0798490653855,6.21969747543335,6.09375,19612160,284.0974612236023,3332947,0,ds_config.json,False,200,1,0.0005,200,200,1000,256,100000000.0,1,0.0,0.9,0.95,0.1,meta-llama/Llama-2-7b-hf,64,16,2.0,256,512.0,False,sgd,ce,0.001,200,HuggingFaceFW/fineweb-edu,vesteinn/babylm,NGRC_LanguageModel,,api.txt,,True,False,
../reports_ngrc/NGRC_LM(19.61M_d64_lag32_poly1_rank512_lr0.0005_bs200_seq256_20251214-095514_report.txt,NGRC_LM(19.61M_d64_lag32_poly1_rank512_lr0.0005_bs200_seq256_20251214-095514,633.9681462279264,605.6183486721279,6.451998710632324,6.40625,19612160,287.87872433662415,1639095,0,ds_config.json,False,200,1,0.0005,200,200,1000,256,100000000.0,1,0.0,0.9,0.95,0.1,meta-llama/Llama-2-7b-hf,64,32,1.0,256,512.0,False,sgd,ce,0.001,200,HuggingFaceFW/fineweb-edu,vesteinn/babylm,NGRC_LanguageModel,,api.txt,,True,False,
../reports_ngrc/NGRC_LM(20.04M_d64_lag15_poly3_rank512_lr0.0005_bs200_seq256_20251216-224042_report.txt,NGRC_LM(20.04M_d64_lag15_poly3_rank512_lr0.0005_bs200_seq256_20251216-224042,444.52034771187823,443.0798490653855,6.096995830535889,6.09375,20038144,283.6669569015503,3389373,0,ds_config.json,False,200,1,0.0005,200,200,1000,256,100000000.0,1,0.0,0.9,0.95,0.1,meta-llama/Llama-2-7b-hf,64,15,3.0,256,512.0,False,sgd,ce,0.001,200,HuggingFaceFW/fineweb-edu,vesteinn/babylm,NGRC_LanguageModel,,api.txt,,True,False,
../reports_ngrc/NGRC_LM(20.14M_d64_lag16_poly3_rank512_lr0.0005_bs200_seq256_20251214-095224_report.txt,NGRC_LM(20.14M_d64_lag16_poly3_rank512_lr0.0005_bs200_seq256_20251214-095224,455.43478621232015,391.0165943978527,6.121252536773682,5.96875,20136448,296.39648842811584,4342950,0,ds_config.json,False,200,1,0.0005,200,200,1000,256,100000000.0,1,0.0,0.9,0.95,0.1,meta-llama/Llama-2-7b-hf,64,16,3.0,256,512.0,False,sgd,ce,0.001,200,HuggingFaceFW/fineweb-edu,vesteinn/babylm,NGRC_LanguageModel,,api.txt,,True,False,
../reports_ngrc/NGRC_LM(20.14M_d64_lag48_poly1_rank512_lr0.0005_bs200_seq256_20251216-162331_report.txt,NGRC_LM(20.14M_d64_lag48_poly1_rank512_lr0.0005_bs200_seq256_20251216-162331,634.492550449158,665.1416330443618,6.452825546264648,6.5,20136448,296.1231577396393,4346805,0,ds_config.json,False,200,1,0.0005,200,200,1000,256,100000000.0,1,0.0,0.9,0.95,0.1,meta-llama/Llama-2-7b-hf,64,48,1.0,256,512.0,False,sgd,ce,0.001,200,HuggingFaceFW/fineweb-edu,vesteinn/babylm,NGRC_LanguageModel,,api.txt,,True,False,
../reports_ngrc/NGRC_LM(20.53M_d64_lag20_poly3_rank512_lr0.0005_bs200_seq256_20251216-224708_report.txt,NGRC_LM(20.53M_d64_lag20_poly3_rank512_lr0.0005_bs200_seq256_20251216-224708,449.3291357737718,429.4477152409339,6.107755661010742,6.0625,20529664,280.78808665275574,3849891,0,ds_config.json,False,200,1,0.0005,200,200,1000,256,100000000.0,1,0.0,0.9,0.95,0.1,meta-llama/Llama-2-7b-hf,64,20,3.0,256,512.0,False,sgd,ce,0.001,200,HuggingFaceFW/fineweb-edu,vesteinn/babylm,NGRC_LanguageModel,,api.txt,,True,False,
../reports_ngrc/NGRC_LM(20.66M_d64_lag16_poly4_rank512_lr0.0005_bs200_seq256_20251214-100452_report.txt,NGRC_LM(20.66M_d64_lag16_poly4_rank512_lr0.0005_bs200_seq256_20251214-100452,422.82825324375676,416.23499808144635,6.046966075897217,6.03125,20660736,294.54732871055603,2911494,0,ds_config.json,False,200,1,0.0005,200,200,1000,256,100000000.0,1,0.0,0.9,0.95,0.1,meta-llama/Llama-2-7b-hf,64,16,4.0,256,512.0,False,sgd,ce,0.001,200,HuggingFaceFW/fineweb-edu,vesteinn/babylm,NGRC_LanguageModel,,api.txt,,True,False,
../reports_ngrc/NGRC_LM(20.66M_d64_lag16_poly4_rank512_lr0.0005_bs200_seq256_20251216-162331_report.txt,NGRC_LM(20.66M_d64_lag16_poly4_rank512_lr0.0005_bs200_seq256_20251216-162331,421.30433770620516,429.4477152409339,6.043355464935303,6.0625,20660736,303.5672562122345,2495974,0,ds_config.json,False,200,1,0.0005,200,200,1000,256,100000000.0,1,0.0,0.9,0.95,0.1,meta-llama/Llama-2-7b-hf,64,16,4.0,256,512.0,False,sgd,ce,0.001,200,HuggingFaceFW/fineweb-edu,vesteinn/babylm,NGRC_LanguageModel,,api.txt,,True,False,
../reports_ngrc/NGRC_LM(20.66M_d64_lag32_poly2_rank512_lr0.0005_bs200_seq256_20251214-095527_report.txt,NGRC_LM(20.66M_d64_lag32_poly2_rank512_lr0.0005_bs200_seq256_20251214-095527,515.2652595628649,471.65604418826433,6.2446818351745605,6.15625,20660736,304.3145236968994,2962802,0,ds_config.json,False,200,1,0.0005,200,200,1000,256,100000000.0,1,0.0,0.9,0.95,0.1,meta-llama/Llama-2-7b-hf,64,32,2.0,256,512.0,False,sgd,ce,0.001,200,HuggingFaceFW/fineweb-edu,vesteinn/babylm,NGRC_LanguageModel,,api.txt,,True,False,
../reports_ngrc/NGRC_LM(20.66M_d64_lag64_poly1_rank512_lr0.0005_bs200_seq256_20251214-100151_report.txt,NGRC_LM(20.66M_d64_lag64_poly1_rank512_lr0.0005_bs200_seq256_20251214-100151,649.6831454781998,605.6183486721279,6.476484775543213,6.40625,20660736,302.9423351287842,2533351,0,ds_config.json,False,200,1,0.0005,200,200,1000,256,100000000.0,1,0.0,0.9,0.95,0.1,meta-llama/Llama-2-7b-hf,64,64,1.0,256,512.0,False,sgd,ce,0.001,200,HuggingFaceFW/fineweb-edu,vesteinn/babylm,NGRC_LanguageModel,,api.txt,,True,False,
../reports_ngrc/NGRC_LM(21.02M_d64_lag25_poly3_rank512_lr0.0005_bs200_seq256_20251216-225333_report.txt,NGRC_LM(21.02M_d64_lag25_poly3_rank512_lr0.0005_bs200_seq256_20251216-225333,444.72006248036354,403.4287934927351,6.097445011138916,6.0,21021184,292.1377372741699,3962651,0,ds_config.json,False,200,1,0.0005,200,200,1000,256,100000000.0,1,0.0,0.9,0.95,0.1,meta-llama/Llama-2-7b-hf,64,25,3.0,256,512.0,False,sgd,ce,0.001,200,HuggingFaceFW/fineweb-edu,vesteinn/babylm,NGRC_LanguageModel,,api.txt,,True,False,
../reports_ngrc/NGRC_LM(21.19M_d64_lag16_poly5_rank512_lr0.0005_bs200_seq256_20251214-101136_report.txt,NGRC_LM(21.19M_d64_lag16_poly5_rank512_lr0.0005_bs200_seq256_20251214-101136,409.6867241943352,391.0165943978527,6.015392780303955,5.96875,21185024,307.0548005104065,1834618,0,ds_config.json,False,200,1,0.0005,200,200,1000,256,100000000.0,1,0.0,0.9,0.95,0.1,meta-llama/Llama-2-7b-hf,64,16,5.0,256,512.0,False,sgd,ce,0.001,200,HuggingFaceFW/fineweb-edu,vesteinn/babylm,NGRC_LanguageModel,,api.txt,,True,False,
../reports_ngrc/NGRC_LM(21.19M_d64_lag16_poly5_rank512_lr0.0005_bs200_seq256_20251216-162331_report.txt,NGRC_LM(21.19M_d64_lag16_poly5_rank512_lr0.0005_bs200_seq256_20251216-162331,405.4622486695739,391.0165943978527,6.005027770996094,5.96875,21185024,304.7359676361084,1592520,0,ds_config.json,False,200,1,0.0005,200,200,1000,256,100000000.0,1,0.0,0.9,0.95,0.1,meta-llama/Llama-2-7b-hf,64,16,5.0,256,512.0,False,sgd,ce,0.001,200,HuggingFaceFW/fineweb-edu,vesteinn/babylm,NGRC_LanguageModel,,api.txt,,True,False,
../reports_ngrc/NGRC_LM(21.51M_d64_lag30_poly3_rank512_lr0.0005_bs200_seq256_20251216-230006_report.txt,NGRC_LM(21.51M_d64_lag30_poly3_rank512_lr0.0005_bs200_seq256_20251216-230006,453.6038393082572,356.0246606707791,6.117224216461182,5.875,21512704,315.22139501571655,3514967,0,ds_config.json,False,200,1,0.0005,200,200,1000,256,100000000.0,1,0.0,0.9,0.95,0.1,meta-llama/Llama-2-7b-hf,64,30,3.0,256,512.0,False,sgd,ce,0.001,200,HuggingFaceFW/fineweb-edu,vesteinn/babylm,NGRC_LanguageModel,,api.txt,,True,False,
../reports_ngrc/NGRC_LM(21.59M_d128_lag5_poly3_rank512_lr0.0005_bs200_seq256_20251216-230709_report.txt,NGRC_LM(21.59M_d128_lag5_poly3_rank512_lr0.0005_bs200_seq256_20251216-230709,338.05361844835846,403.4287934927351,5.823204517364502,6.0,21594624,321.6007363796234,1399997,0,ds_config.json,False,200,1,0.0005,200,200,1000,256,100000000.0,1,0.0,0.9,0.95,0.1,meta-llama/Llama-2-7b-hf,128,5,3.0,256,512.0,False,sgd,ce,0.001,200,HuggingFaceFW/fineweb-edu,vesteinn/babylm,NGRC_LanguageModel,,api.txt,,True,False,
../reports_ngrc/NGRC_LM(21.66M_d128_lag16_poly1_rank512_lr0.0005_bs200_seq256_20251214-102636_report.txt,NGRC_LM(21.66M_d128_lag16_poly1_rank512_lr0.0005_bs200_seq256_20251214-102636,488.7020067714542,443.0798490653855,6.191752910614014,6.09375,21660160,288.81333589553833,3697892,0,ds_config.json,False,200,1,0.0005,200,200,1000,256,100000000.0,1,0.0,0.9,0.95,0.1,meta-llama/Llama-2-7b-hf,128,16,1.0,256,512.0,False,sgd,ce,0.001,200,HuggingFaceFW/fineweb-edu,vesteinn/babylm,NGRC_LanguageModel,,api.txt,,True,False,
../reports_ngrc/NGRC_LM(21.71M_d64_lag16_poly6_rank512_lr0.0005_bs200_seq256_20251214-101842_report.txt,NGRC_LM(21.71M_d64_lag16_poly6_rank512_lr0.0005_bs200_seq256_20251214-101842,429.51898342045746,429.4477152409339,6.062665939331055,6.0625,21709312,314.1358904838562,1416783,0,ds_config.json,False,200,1,0.0005,200,200,1000,256,100000000.0,1,0.0,0.9,0.95,0.1,meta-llama/Llama-2-7b-hf,64,16,6.0,256,512.0,False,sgd,ce,0.001,200,HuggingFaceFW/fineweb-edu,vesteinn/babylm,NGRC_LanguageModel,,api.txt,,True,False,
../reports_ngrc/NGRC_LM(21.71M_d64_lag16_poly6_rank512_lr0.0005_bs200_seq256_20251216-162331_report.txt,NGRC_LM(21.71M_d64_lag16_poly6_rank512_lr0.0005_bs200_seq256_20251216-162331,426.4474142273352,443.0798490653855,6.0554890632629395,6.09375,21709312,310.2497684955597,1309388,0,ds_config.json,False,200,1,0.0005,200,200,1000,256,100000000.0,1,0.0,0.9,0.95,0.1,meta-llama/Llama-2-7b-hf,64,16,6.0,256,512.0,False,sgd,ce,0.001,200,HuggingFaceFW/fineweb-edu,vesteinn/babylm,NGRC_LanguageModel,,api.txt,,True,False,
../reports_ngrc/NGRC_LM(21.71M_d64_lag32_poly3_rank512_lr0.0005_bs200_seq256_20251214-095908_report.txt,NGRC_LM(21.71M_d64_lag32_poly3_rank512_lr0.0005_bs200_seq256_20251214-095908,462.8546273146863,471.65604418826433,6.137413024902344,6.15625,21709312,308.789999961853,3395135,0,ds_config.json,False,200,1,0.0005,200,200,1000,256,100000000.0,1,0.0,0.9,0.95,0.1,meta-llama/Llama-2-7b-hf,64,32,3.0,256,512.0,False,sgd,ce,0.001,200,HuggingFaceFW/fineweb-edu,vesteinn/babylm,NGRC_LanguageModel,,api.txt,,True,False,
../reports_ngrc/NGRC_LM(21.71M_d64_lag96_poly1_rank512_lr0.0005_bs200_seq256_20251216-163018_report.txt,NGRC_LM(21.71M_d64_lag96_poly1_rank512_lr0.0005_bs200_seq256_20251216-163018,655.3799783654132,644.6773763804644,6.485215187072754,6.46875,21709312,329.1858711242676,4710842,0,ds_config.json,False,200,1,0.0005,200,200,1000,256,100000000.0,1,0.0,0.9,0.95,0.1,meta-llama/Llama-2-7b-hf,64,96,1.0,256,512.0,False,sgd,ce,0.001,200,HuggingFaceFW/fineweb-edu,vesteinn/babylm,NGRC_LanguageModel,,api.txt,,True,False,
../reports_ngrc/NGRC_LM(22.23M_d64_lag16_poly7_rank512_lr0.0005_bs200_seq256_20251214-102549_report.txt,NGRC_LM(22.23M_d64_lag16_poly7_rank512_lr0.0005_bs200_seq256_20251214-102549,448.28926697365677,443.0798490653855,6.105438709259033,6.09375,22233600,315.4411976337433,4429862,0,ds_config.json,False,200,1,0.0005,200,200,1000,256,100000000.0,1,0.0,0.9,0.95,0.1,meta-llama/Llama-2-7b-hf,64,16,7.0,256,512.0,False,sgd,ce,0.001,200,HuggingFaceFW/fineweb-edu,vesteinn/babylm,NGRC_LanguageModel,,api.txt,,True,False,
../reports_ngrc/NGRC_LM(22.58M_d128_lag10_poly3_rank512_lr0.0005_bs200_seq256_20251216-231417_report.txt,NGRC_LM(22.58M_d128_lag10_poly3_rank512_lr0.0005_bs200_seq256_20251216-231417,339.4040728394088,345.0709334152821,5.827191352844238,5.84375,22577664,300.72498416900635,2932785,0,ds_config.json,False,200,1,0.0005,200,200,1000,256,100000000.0,1,0.0,0.9,0.95,0.1,meta-llama/Llama-2-7b-hf,128,10,3.0,256,512.0,False,sgd,ce,0.001,200,HuggingFaceFW/fineweb-edu,vesteinn/babylm,NGRC_LanguageModel,,api.txt,,True,False,
../reports_ngrc/NGRC_LM(22.71M_d128_lag16_poly2_rank512_lr0.0005_bs200_seq256_20251214-103024_report.txt,NGRC_LM(22.71M_d128_lag16_poly2_rank512_lr0.0005_bs200_seq256_20251214-103024,396.2369028422126,403.4287934927351,5.9820122718811035,6.0,22708736,312.25387716293335,4382431,0,ds_config.json,False,200,1,0.0005,200,200,1000,256,100000000.0,1,0.0,0.9,0.95,0.1,meta-llama/Llama-2-7b-hf,128,16,2.0,256,512.0,False,sgd,ce,0.001,200,HuggingFaceFW/fineweb-edu,vesteinn/babylm,NGRC_LanguageModel,,api.txt,,True,False,
../reports_ngrc/NGRC_LM(22.71M_d128_lag32_poly1_rank512_lr0.0005_bs200_seq256_20251214-103315_report.txt,NGRC_LM(22.71M_d128_lag32_poly1_rank512_lr0.0005_bs200_seq256_20251214-103315,503.4767780421853,443.0798490653855,6.2215375900268555,6.09375,22708736,318.44832968711853,1356807,0,ds_config.json,False,200,1,0.0005,200,200,1000,256,100000000.0,1,0.0,0.9,0.95,0.1,meta-llama/Llama-2-7b-hf,128,32,1.0,256,512.0,False,sgd,ce,0.001,200,HuggingFaceFW/fineweb-edu,vesteinn/babylm,NGRC_LanguageModel,,api.txt,,True,False,
../reports_ngrc/NGRC_LM(22.76M_d64_lag128_poly1_rank512_lr0.0005_bs200_seq256_20251214-100843_report.txt,NGRC_LM(22.76M_d64_lag128_poly1_rank512_lr0.0005_bs200_seq256_20251214-100843,676.3829404432234,730.5151717727034,6.516759395599365,6.59375,22757888,365.75928831100464,1263240,0,ds_config.json,False,200,1,0.0005,200,200,1000,256,100000000.0,1,0.0,0.9,0.95,0.1,meta-llama/Llama-2-7b-hf,64,128,1.0,256,512.0,False,sgd,ce,0.001,200,HuggingFaceFW/fineweb-edu,vesteinn/babylm,NGRC_LanguageModel,,api.txt,,True,False,
../reports_ngrc/NGRC_LM(22.76M_d64_lag32_poly4_rank512_lr0.0005_bs200_seq256_20251216-163025_report.txt,NGRC_LM(22.76M_d64_lag32_poly4_rank512_lr0.0005_bs200_seq256_20251216-163025,424.01665681883225,314.1906602856942,6.0497727394104,5.75,22757888,343.31703782081604,4365359,0,ds_config.json,False,200,1,0.0005,200,200,1000,256,100000000.0,1,0.0,0.9,0.95,0.1,meta-llama/Llama-2-7b-hf,64,32,4.0,256,512.0,False,sgd,ce,0.001,200,HuggingFaceFW/fineweb-edu,vesteinn/babylm,NGRC_LanguageModel,,api.txt,,True,False,
../reports_ngrc/NGRC_LM(22.76M_d64_lag64_poly2_rank512_lr0.0005_bs200_seq256_20251214-100225_report.txt,NGRC_LM(22.76M_d64_lag64_poly2_rank512_lr0.0005_bs200_seq256_20251214-100225,539.4747647238106,486.6280141983472,6.290596008300781,6.1875,22757888,333.20328664779663,4642157,0,ds_config.json,False,200,1,0.0005,200,200,1000,256,100000000.0,1,0.0,0.9,0.95,0.1,meta-llama/Llama-2-7b-hf,64,64,2.0,256,512.0,False,sgd,ce,0.001,200,HuggingFaceFW/fineweb-edu,vesteinn/babylm,NGRC_LanguageModel,,api.txt,,True,False,
../reports_ngrc/NGRC_LM(23.28M_d64_lag48_poly3_rank512_lr0.0005_bs200_seq256_20251216-163731_report.txt,NGRC_LM(23.28M_d64_lag48_poly3_rank512_lr0.0005_bs200_seq256_20251216-163731,459.89233721981645,391.0165943978527,6.130992412567139,5.96875,23282176,349.0764253139496,2351378,0,ds_config.json,False,200,1,0.0005,200,200,1000,256,100000000.0,1,0.0,0.9,0.95,0.1,meta-llama/Llama-2-7b-hf,64,48,3.0,256,512.0,False,sgd,ce,0.001,200,HuggingFaceFW/fineweb-edu,vesteinn/babylm,NGRC_LanguageModel,,api.txt,,True,False,
../reports_ngrc/NGRC_LM(23.56M_d128_lag15_poly3_rank512_lr0.0005_bs200_seq256_20251216-232100_report.txt,NGRC_LM(23.56M_d128_lag15_poly3_rank512_lr0.0005_bs200_seq256_20251216-232100,338.2848533161031,304.5240299109616,5.823888301849365,5.71875,23560704,322.4649579524994,2240981,0,ds_config.json,False,200,1,0.0005,200,200,1000,256,100000000.0,1,0.0,0.9,0.95,0.1,meta-llama/Llama-2-7b-hf,128,15,3.0,256,512.0,False,sgd,ce,0.001,200,HuggingFaceFW/fineweb-edu,vesteinn/babylm,NGRC_LanguageModel,,api.txt,,True,False,
../reports_ngrc/NGRC_LM(23.76M_d128_lag16_poly3_rank512_lr0.0005_bs200_seq256_20251214-103812_report.txt,NGRC_LM(23.76M_d128_lag16_poly3_rank512_lr0.0005_bs200_seq256_20251214-103812,341.5501988028787,345.0709334152821,5.833494663238525,5.84375,23757312,330.89928126335144,4684659,0,ds_config.json,False,200,1,0.0005,200,200,1000,256,100000000.0,1,0.0,0.9,0.95,0.1,meta-llama/Llama-2-7b-hf,128,16,3.0,256,512.0,False,sgd,ce,0.001,200,HuggingFaceFW/fineweb-edu,vesteinn/babylm,NGRC_LanguageModel,,api.txt,,True,False,
../reports_ngrc/NGRC_LM(23.76M_d128_lag48_poly1_rank512_lr0.0005_bs200_seq256_20251216-165417_report.txt,NGRC_LM(23.76M_d128_lag48_poly1_rank512_lr0.0005_bs200_seq256_20251216-165417,519.4098048275775,471.65604418826433,6.252693176269531,6.15625,23757312,338.03758335113525,3807525,0,ds_config.json,False,200,1,0.0005,200,200,1000,256,100000000.0,1,0.0,0.9,0.95,0.1,meta-llama/Llama-2-7b-hf,128,48,1.0,256,512.0,False,sgd,ce,0.001,200,HuggingFaceFW/fineweb-edu,vesteinn/babylm,NGRC_LanguageModel,,api.txt,,True,False,
../reports_ngrc/NGRC_LM(23.81M_d64_lag32_poly5_rank512_lr0.0005_bs200_seq256_20251216-163026_report.txt,NGRC_LM(23.81M_d64_lag32_poly5_rank512_lr0.0005_bs200_seq256_20251216-163026,430.89998382327565,416.23499808144635,6.065876007080078,6.03125,23806464,348.4867465496063,4820645,0,ds_config.json,False,200,1,0.0005,200,200,1000,256,100000000.0,1,0.0,0.9,0.95,0.1,meta-llama/Llama-2-7b-hf,64,32,5.0,256,512.0,False,sgd,ce,0.001,200,HuggingFaceFW/fineweb-edu,vesteinn/babylm,NGRC_LanguageModel,,api.txt,,True,False,
../reports_ngrc/NGRC_LM(24.54M_d128_lag20_poly3_rank512_lr0.0005_bs200_seq256_20251216-232810_report.txt,NGRC_LM(24.54M_d128_lag20_poly3_rank512_lr0.0005_bs200_seq256_20251216-232810,341.5832617597807,314.1906602856942,5.833591461181641,5.75,24543744,328.2040934562683,2425207,0,ds_config.json,False,200,1,0.0005,200,200,1000,256,100000000.0,1,0.0,0.9,0.95,0.1,meta-llama/Llama-2-7b-hf,128,20,3.0,256,512.0,False,sgd,ce,0.001,200,HuggingFaceFW/fineweb-edu,vesteinn/babylm,NGRC_LanguageModel,,api.txt,,True,False,
../reports_ngrc/NGRC_LM(24.81M_d128_lag16_poly4_rank512_lr0.0005_bs200_seq256_20251216-170400_report.txt,NGRC_LM(24.81M_d128_lag16_poly4_rank512_lr0.0005_bs200_seq256_20251216-170400,319.20906121615735,295.1548104863723,5.765846252441406,5.6875,24805888,340.6239869594574,1718761,0,ds_config.json,False,200,1,0.0005,200,200,1000,256,100000000.0,1,0.0,0.9,0.95,0.1,meta-llama/Llama-2-7b-hf,128,16,4.0,256,512.0,False,sgd,ce,0.001,200,HuggingFaceFW/fineweb-edu,vesteinn/babylm,NGRC_LanguageModel,,api.txt,,True,False,
../reports_ngrc/NGRC_LM(24.81M_d128_lag32_poly2_rank512_lr0.0005_bs200_seq256_20251214-103723_report.txt,NGRC_LM(24.81M_d128_lag32_poly2_rank512_lr0.0005_bs200_seq256_20251214-103723,413.53676324610524,391.0165943978527,6.024746417999268,5.96875,24805888,351.6216175556183,2324355,0,ds_config.json,False,200,1,0.0005,200,200,1000,256,100000000.0,1,0.0,0.9,0.95,0.1,meta-llama/Llama-2-7b-hf,128,32,2.0,256,512.0,False,sgd,ce,0.001,200,HuggingFaceFW/fineweb-edu,vesteinn/babylm,NGRC_LanguageModel,,api.txt,,True,False,
../reports_ngrc/NGRC_LM(24.81M_d128_lag64_poly1_rank512_lr0.0005_bs200_seq256_20251214-104019_report.txt,NGRC_LM(24.81M_d128_lag64_poly1_rank512_lr0.0005_bs200_seq256_20251214-104019,523.1167788430415,534.4563168515505,6.259804725646973,6.28125,24805888,360.548707485199,4689260,0,ds_config.json,False,200,1,0.0005,200,200,1000,256,100000000.0,1,0.0,0.9,0.95,0.1,meta-llama/Llama-2-7b-hf,128,64,1.0,256,512.0,False,sgd,ce,0.001,200,HuggingFaceFW/fineweb-edu,vesteinn/babylm,NGRC_LanguageModel,,api.txt,,True,False,
../reports_ngrc/NGRC_LM(24.86M_d64_lag32_poly6_rank512_lr0.0005_bs200_seq256_20251216-163033_report.txt,NGRC_LM(24.86M_d64_lag32_poly6_rank512_lr0.0005_bs200_seq256_20251216-163033,480.68716543556695,429.4477152409339,6.1752166748046875,6.0625,24855040,373.8089454174042,2751880,0,ds_config.json,False,200,1,0.0005,200,200,1000,256,100000000.0,1,0.0,0.9,0.95,0.1,meta-llama/Llama-2-7b-hf,64,32,6.0,256,512.0,False,sgd,ce,0.001,200,HuggingFaceFW/fineweb-edu,vesteinn/babylm,NGRC_LanguageModel,,api.txt,,True,False,
../reports_ngrc/NGRC_LM(24.86M_d64_lag48_poly4_rank512_lr0.0005_bs200_seq256_20251216-163750_report.txt,NGRC_LM(24.86M_d64_lag48_poly4_rank512_lr0.0005_bs200_seq256_20251216-163750,457.04118279072424,403.4287934927351,6.1247735023498535,6.0,24855040,377.0386173725128,4416451,0,ds_config.json,False,200,1,0.0005,200,200,1000,256,100000000.0,1,0.0,0.9,0.95,0.1,meta-llama/Llama-2-7b-hf,64,48,4.0,256,512.0,False,sgd,ce,0.001,200,HuggingFaceFW/fineweb-edu,vesteinn/babylm,NGRC_LanguageModel,,api.txt,,True,False,
../reports_ngrc/NGRC_LM(24.86M_d64_lag64_poly3_rank512_lr0.0005_bs200_seq256_20251214-100614_report.txt,NGRC_LM(24.86M_d64_lag64_poly3_rank512_lr0.0005_bs200_seq256_20251214-100614,475.9125357378475,416.23499808144635,6.165234088897705,6.03125,24855040,379.1011292934418,1472622,0,ds_config.json,False,200,1,0.0005,200,200,1000,256,100000000.0,1,0.0,0.9,0.95,0.1,meta-llama/Llama-2-7b-hf,64,64,3.0,256,512.0,False,sgd,ce,0.001,200,HuggingFaceFW/fineweb-edu,vesteinn/babylm,NGRC_LanguageModel,,api.txt,,True,False,
../reports_ngrc/NGRC_LM(25.53M_d128_lag25_poly3_rank512_lr0.0005_bs200_seq256_20251216-233522_report.txt,NGRC_LM(25.53M_d128_lag25_poly3_rank512_lr0.0005_bs200_seq256_20251216-233522,344.6330344409572,314.1906602856942,5.842480182647705,5.75,25526784,347.73181557655334,3772489,0,ds_config.json,False,200,1,0.0005,200,200,1000,256,100000000.0,1,0.0,0.9,0.95,0.1,meta-llama/Llama-2-7b-hf,128,25,3.0,256,512.0,False,sgd,ce,0.001,200,HuggingFaceFW/fineweb-edu,vesteinn/babylm,NGRC_LanguageModel,,api.txt,,True,False,
../reports_ngrc/NGRC_LM(25.85M_d128_lag16_poly5_rank512_lr0.0005_bs200_seq256_20251216-170530_report.txt,NGRC_LM(25.85M_d128_lag16_poly5_rank512_lr0.0005_bs200_seq256_20251216-170530,310.9368046851998,304.5240299109616,5.739589691162109,5.71875,25854464,359.6077699661255,1246091,0,ds_config.json,False,200,1,0.0005,200,200,1000,256,100000000.0,1,0.0,0.9,0.95,0.1,meta-llama/Llama-2-7b-hf,128,16,5.0,256,512.0,False,sgd,ce,0.001,200,HuggingFaceFW/fineweb-edu,vesteinn/babylm,NGRC_LanguageModel,,api.txt,,True,False,
../reports_ngrc/NGRC_LM(26.43M_d64_lag48_poly5_rank512_lr0.0005_bs200_seq256_20251216-163756_report.txt,NGRC_LM(26.43M_d64_lag48_poly5_rank512_lr0.0005_bs200_seq256_20251216-163756,448.5255350966542,443.0798490653855,6.105965614318848,6.09375,26427904,381.7000517845154,1819184,0,ds_config.json,False,200,1,0.0005,200,200,1000,256,100000000.0,1,0.0,0.9,0.95,0.1,meta-llama/Llama-2-7b-hf,64,48,5.0,256,512.0,False,sgd,ce,0.001,200,HuggingFaceFW/fineweb-edu,vesteinn/babylm,NGRC_LanguageModel,,api.txt,,True,False,
../reports_ngrc/NGRC_LM(26.51M_d128_lag30_poly3_rank512_lr0.0005_bs200_seq256_20251216-234254_report.txt,NGRC_LM(26.51M_d128_lag30_poly3_rank512_lr0.0005_bs200_seq256_20251216-234254,349.5044734757954,314.1906602856942,5.856516361236572,5.75,26509824,372.0890681743622,1958636,0,ds_config.json,False,200,1,0.0005,200,200,1000,256,100000000.0,1,0.0,0.9,0.95,0.1,meta-llama/Llama-2-7b-hf,128,30,3.0,256,512.0,False,sgd,ce,0.001,200,HuggingFaceFW/fineweb-edu,vesteinn/babylm,NGRC_LanguageModel,,api.txt,,True,False,
../reports_ngrc/NGRC_LM(26.67M_d256_lag5_poly3_rank512_lr0.0005_bs200_seq256_20251216-235047_report.txt,NGRC_LM(26.67M_d256_lag5_poly3_rank512_lr0.0005_bs200_seq256_20251216-235047,261.6236260145009,324.16414244755515,5.566906929016113,5.78125,26673664,350.6041302680969,1502849,0,ds_config.json,False,200,1,0.0005,200,200,1000,256,100000000.0,1,0.0,0.9,0.95,0.1,meta-llama/Llama-2-7b-hf,256,5,3.0,256,512.0,False,sgd,ce,0.001,200,HuggingFaceFW/fineweb-edu,vesteinn/babylm,NGRC_LanguageModel,,api.txt,,True,False,
../reports_ngrc/NGRC_LM(26.90M_d128_lag32_poly3_rank512_lr0.0005_bs200_seq256_20251214-104542_report.txt,NGRC_LM(26.90M_d128_lag32_poly3_rank512_lr0.0005_bs200_seq256_20251214-104542,347.01139047360783,356.0246606707791,5.849357604980469,5.875,26903040,378.9231503009796,1204062,0,ds_config.json,False,200,1,0.0005,200,200,1000,256,100000000.0,1,0.0,0.9,0.95,0.1,meta-llama/Llama-2-7b-hf,128,32,3.0,256,512.0,False,sgd,ce,0.001,200,HuggingFaceFW/fineweb-edu,vesteinn/babylm,NGRC_LanguageModel,,api.txt,,True,False,
../reports_ngrc/NGRC_LM(26.90M_d128_lag96_poly1_rank512_lr0.0005_bs200_seq256_20251216-170139_report.txt,NGRC_LM(26.90M_d128_lag96_poly1_rank512_lr0.0005_bs200_seq256_20251216-170139,546.072906277721,518.012824668342,6.302752494812012,6.25,26903040,423.3244934082031,1743803,0,ds_config.json,False,200,1,0.0005,200,200,1000,256,100000000.0,1,0.0,0.9,0.95,0.1,meta-llama/Llama-2-7b-hf,128,96,1.0,256,512.0,False,sgd,ce,0.001,200,HuggingFaceFW/fineweb-edu,vesteinn/babylm,NGRC_LanguageModel,,api.txt,,True,False,
../reports_ngrc/NGRC_LM(26.95M_d64_lag128_poly2_rank512_lr0.0005_bs200_seq256_20251214-100944_report.txt,NGRC_LM(26.95M_d64_lag128_poly2_rank512_lr0.0005_bs200_seq256_20251214-100944,572.5958523378814,586.9854309417088,6.350180149078369,6.375,26952192,432.95341539382935,2585711,0,ds_config.json,False,200,1,0.0005,200,200,1000,256,100000000.0,1,0.0,0.9,0.95,0.1,meta-llama/Llama-2-7b-hf,64,128,2.0,256,512.0,False,sgd,ce,0.001,200,HuggingFaceFW/fineweb-edu,vesteinn/babylm,NGRC_LanguageModel,,api.txt,,True,False,
../reports_ngrc/NGRC_LM(26.95M_d64_lag256_poly1_rank512_lr0.0005_bs200_seq256_20251214-101708_report.txt,NGRC_LM(26.95M_d64_lag256_poly1_rank512_lr0.0005_bs200_seq256_20251214-101708,814.4645153364638,802.313957927379,6.702530860900879,6.6875,26952192,458.58979868888855,2841336,0,ds_config.json,False,200,1,0.0005,200,200,1000,256,100000000.0,1,0.0,0.9,0.95,0.1,meta-llama/Llama-2-7b-hf,64,256,1.0,256,512.0,False,sgd,ce,0.001,200,HuggingFaceFW/fineweb-edu,vesteinn/babylm,NGRC_LanguageModel,,api.txt,,True,False,
../reports_ngrc/NGRC_LM(26.95M_d64_lag64_poly4_rank512_lr0.0005_bs200_seq256_20251216-164548_report.txt,NGRC_LM(26.95M_d64_lag64_poly4_rank512_lr0.0005_bs200_seq256_20251216-164548,467.90302843607236,391.0165943978527,6.148261070251465,5.96875,26952192,413.6354308128357,2170737,0,ds_config.json,False,200,1,0.0005,200,200,1000,256,100000000.0,1,0.0,0.9,0.95,0.1,meta-llama/Llama-2-7b-hf,64,64,4.0,256,512.0,False,sgd,ce,0.001,200,HuggingFaceFW/fineweb-edu,vesteinn/babylm,NGRC_LanguageModel,,api.txt,,True,False,
../reports_ngrc/NGRC_LM(28.00M_d64_lag96_poly3_rank512_lr0.0005_bs200_seq256_20251216-164519_report.txt,NGRC_LM(28.00M_d64_lag96_poly3_rank512_lr0.0005_bs200_seq256_20251216-164519,488.5598783645171,416.23499808144635,6.19146203994751,6.03125,28000768,433.8016881942749,3278205,0,ds_config.json,False,200,1,0.0005,200,200,1000,256,100000000.0,1,0.0,0.9,0.95,0.1,meta-llama/Llama-2-7b-hf,64,96,3.0,256,512.0,False,sgd,ce,0.001,200,HuggingFaceFW/fineweb-edu,vesteinn/babylm,NGRC_LanguageModel,,api.txt,,True,False,
../reports_ngrc/NGRC_LM(28.64M_d256_lag10_poly3_rank512_lr0.0005_bs200_seq256_20251216-235823_report.txt,NGRC_LM(28.64M_d256_lag10_poly3_rank512_lr0.0005_bs200_seq256_20251216-235823,258.81381742699847,314.1906602856942,5.5561089515686035,5.75,28639744,360.450483083725,2208192,0,ds_config.json,False,200,1,0.0005,200,200,1000,256,100000000.0,1,0.0,0.9,0.95,0.1,meta-llama/Llama-2-7b-hf,256,10,3.0,256,512.0,False,sgd,ce,0.001,200,HuggingFaceFW/fineweb-edu,vesteinn/babylm,NGRC_LanguageModel,,api.txt,,True,False,
../reports_ngrc/NGRC_LM(29.00M_d128_lag128_poly1_rank512_lr0.0005_bs200_seq256_20251214-104808_report.txt,NGRC_LM(29.00M_d128_lag128_poly1_rank512_lr0.0005_bs200_seq256_20251214-104808,569.7638611500624,457.14471326890896,6.345221996307373,6.125,29000192,483.9580249786377,2692581,0,ds_config.json,False,200,1,0.0005,200,200,1000,256,100000000.0,1,0.0,0.9,0.95,0.1,meta-llama/Llama-2-7b-hf,128,128,1.0,256,512.0,False,sgd,ce,0.001,200,HuggingFaceFW/fineweb-edu,vesteinn/babylm,NGRC_LanguageModel,,api.txt,,True,False,
../reports_ngrc/NGRC_LM(29.00M_d128_lag32_poly4_rank512_lr0.0005_bs200_seq256_20251216-171126_report.txt,NGRC_LM(29.00M_d128_lag32_poly4_rank512_lr0.0005_bs200_seq256_20251216-171126,340.36157443873276,314.1906602856942,5.830008506774902,5.75,29000192,415.0160827636719,1903493,0,ds_config.json,False,200,1,0.0005,200,200,1000,256,100000000.0,1,0.0,0.9,0.95,0.1,meta-llama/Llama-2-7b-hf,128,32,4.0,256,512.0,False,sgd,ce,0.001,200,HuggingFaceFW/fineweb-edu,vesteinn/babylm,NGRC_LanguageModel,,api.txt,,True,False,
../reports_ngrc/NGRC_LM(29.00M_d128_lag64_poly2_rank512_lr0.0005_bs200_seq256_20251214-104521_report.txt,NGRC_LM(29.00M_d128_lag64_poly2_rank512_lr0.0005_bs200_seq256_20251214-104521,440.9662213687479,429.4477152409339,6.088968276977539,6.0625,29000192,419.2999231815338,3642527,0,ds_config.json,False,200,1,0.0005,200,200,1000,256,100000000.0,1,0.0,0.9,0.95,0.1,meta-llama/Llama-2-7b-hf,128,64,2.0,256,512.0,False,sgd,ce,0.001,200,HuggingFaceFW/fineweb-edu,vesteinn/babylm,NGRC_LanguageModel,,api.txt,,True,False,
../reports_ngrc/NGRC_LM(29.05M_d64_lag64_poly5_rank512_lr0.0005_bs200_seq256_20251216-164558_report.txt,NGRC_LM(29.05M_d64_lag64_poly5_rank512_lr0.0005_bs200_seq256_20251216-164558,470.3388300958249,443.0798490653855,6.153453350067139,6.09375,29049344,433.99973797798157,1610759,0,ds_config.json,False,200,1,0.0005,200,200,1000,256,100000000.0,1,0.0,0.9,0.95,0.1,meta-llama/Llama-2-7b-hf,64,64,5.0,256,512.0,False,sgd,ce,0.001,200,HuggingFaceFW/fineweb-edu,vesteinn/babylm,NGRC_LanguageModel,,api.txt,,True,False,
../reports_ngrc/NGRC_LM(30.05M_d128_lag48_poly3_rank512_lr0.0005_bs200_seq256_20251216-171027_report.txt,NGRC_LM(30.05M_d128_lag48_poly3_rank512_lr0.0005_bs200_seq256_20251216-171027,357.2587850452413,345.0709334152821,5.87846040725708,5.84375,30048768,440.8674774169922,4286011,0,ds_config.json,False,200,1,0.0005,200,200,1000,256,100000000.0,1,0.0,0.9,0.95,0.1,meta-llama/Llama-2-7b-hf,128,48,3.0,256,512.0,False,sgd,ce,0.001,200,HuggingFaceFW/fineweb-edu,vesteinn/babylm,NGRC_LanguageModel,,api.txt,,True,False,
../reports_ngrc/NGRC_LM(30.61M_d256_lag15_poly3_rank512_lr0.0005_bs200_seq256_20251217-000607_report.txt,NGRC_LM(30.61M_d256_lag15_poly3_rank512_lr0.0005_bs200_seq256_20251217-000607,264.0129899453882,260.4732060371668,5.575998306274414,5.5625,30605824,419.6845028400421,1737553,0,ds_config.json,False,200,1,0.0005,200,200,1000,256,100000000.0,1,0.0,0.9,0.95,0.1,meta-llama/Llama-2-7b-hf,256,15,3.0,256,512.0,False,sgd,ce,0.001,200,HuggingFaceFW/fineweb-edu,vesteinn/babylm,NGRC_LanguageModel,,api.txt,,True,False,
../reports_ngrc/NGRC_LM(31.00M_d256_lag48_poly1_rank512_lr0.0005_bs200_seq256_20251216-173310_report.txt,NGRC_LM(31.00M_d256_lag48_poly1_rank512_lr0.0005_bs200_seq256_20251216-173310,416.6071089262198,356.0246606707791,6.032143592834473,5.875,30999040,454.4245443344116,1858397,0,ds_config.json,False,200,1,0.0005,200,200,1000,256,100000000.0,1,0.0,0.9,0.95,0.1,meta-llama/Llama-2-7b-hf,256,48,1.0,256,512.0,False,sgd,ce,0.001,200,HuggingFaceFW/fineweb-edu,vesteinn/babylm,NGRC_LanguageModel,,api.txt,,True,False,
../reports_ngrc/NGRC_LM(31.10M_d128_lag32_poly5_rank512_lr0.0005_bs200_seq256_20251216-171311_report.txt,NGRC_LM(31.10M_d128_lag32_poly5_rank512_lr0.0005_bs200_seq256_20251216-171311,341.55622481760565,324.16414244755515,5.833512306213379,5.78125,31097344,446.46412348747253,1719490,0,ds_config.json,False,200,1,0.0005,200,200,1000,256,100000000.0,1,0.0,0.9,0.95,0.1,meta-llama/Llama-2-7b-hf,128,32,5.0,256,512.0,False,sgd,ce,0.001,200,HuggingFaceFW/fineweb-edu,vesteinn/babylm,NGRC_LanguageModel,,api.txt,,True,False,
../reports_ngrc/NGRC_LM(31.15M_d64_lag128_poly3_rank512_lr0.0005_bs200_seq256_20251214-101420_report.txt,NGRC_LM(31.15M_d64_lag128_poly3_rank512_lr0.0005_bs200_seq256_20251214-101420,491.8498676876715,486.6280141983472,6.198173522949219,6.1875,31146496,502.6738007068634,4148405,0,ds_config.json,False,200,1,0.0005,200,200,1000,256,100000000.0,1,0.0,0.9,0.95,0.1,meta-llama/Llama-2-7b-hf,64,128,3.0,256,512.0,False,sgd,ce,0.001,200,HuggingFaceFW/fineweb-edu,vesteinn/babylm,NGRC_LanguageModel,,api.txt,,True,False,
../reports_ngrc/NGRC_LM(31.15M_d64_lag96_poly4_rank512_lr0.0005_bs200_seq256_20251216-165423_report.txt,NGRC_LM(31.15M_d64_lag96_poly4_rank512_lr0.0005_bs200_seq256_20251216-165423,488.7241452441127,443.0798490653855,6.191798210144043,6.09375,31146496,477.0041766166687,4874533,0,ds_config.json,False,200,1,0.0005,200,200,1000,256,100000000.0,1,0.0,0.9,0.95,0.1,meta-llama/Llama-2-7b-hf,64,96,4.0,256,512.0,False,sgd,ce,0.001,200,HuggingFaceFW/fineweb-edu,vesteinn/babylm,NGRC_LanguageModel,,api.txt,,True,False,
../reports_ngrc/NGRC_LM(32.57M_d256_lag20_poly3_rank512_lr0.0005_bs200_seq256_20251217-001454_report.txt,NGRC_LM(32.57M_d256_lag20_poly3_rank512_lr0.0005_bs200_seq256_20251217-001454,267.1340079370922,277.272284523134,5.587750434875488,5.625,32571904,447.36987113952637,1832159,0,ds_config.json,False,200,1,0.0005,200,200,1000,256,100000000.0,1,0.0,0.9,0.95,0.1,meta-llama/Llama-2-7b-hf,256,20,3.0,256,512.0,False,sgd,ce,0.001,200,HuggingFaceFW/fineweb-edu,vesteinn/babylm,NGRC_LanguageModel,,api.txt,,True,False,
../reports_ngrc/NGRC_LM(33.10M_d256_lag16_poly4_rank512_lr0.0005_bs200_seq256_20251216-173623_report.txt,NGRC_LM(33.10M_d256_lag16_poly4_rank512_lr0.0005_bs200_seq256_20251216-173623,256.90638985491717,268.7415131590023,5.548711776733398,5.59375,33096192,455.2212612628937,1305777,0,ds_config.json,False,200,1,0.0005,200,200,1000,256,100000000.0,1,0.0,0.9,0.95,0.1,meta-llama/Llama-2-7b-hf,256,16,4.0,256,512.0,False,sgd,ce,0.001,200,HuggingFaceFW/fineweb-edu,vesteinn/babylm,NGRC_LanguageModel,,api.txt,,True,False,
../reports_ngrc/NGRC_LM(33.19M_d128_lag48_poly4_rank512_lr0.0005_bs200_seq256_20251216-172005_report.txt,NGRC_LM(33.19M_d128_lag48_poly4_rank512_lr0.0005_bs200_seq256_20251216-172005,378.80885818956784,334.45421691786504,5.9370317459106445,5.8125,33194496,595.441570520401,3399129,0,ds_config.json,False,200,1,0.0005,200,200,1000,256,100000000.0,1,0.0,0.9,0.95,0.1,meta-llama/Llama-2-7b-hf,128,48,4.0,256,512.0,False,sgd,ce,0.001,200,HuggingFaceFW/fineweb-edu,vesteinn/babylm,NGRC_LanguageModel,,api.txt,,True,False,
../reports_ngrc/NGRC_LM(33.19M_d128_lag64_poly3_rank512_lr0.0005_bs200_seq256_20251214-105354_report.txt,NGRC_LM(33.19M_d128_lag64_poly3_rank512_lr0.0005_bs200_seq256_20251214-105354,367.93964996268227,356.0246606707791,5.907918930053711,5.875,33194496,488.4427008628845,3124646,0,ds_config.json,False,200,1,0.0005,200,200,1000,256,100000000.0,1,0.0,0.9,0.95,0.1,meta-llama/Llama-2-7b-hf,128,64,3.0,256,512.0,False,sgd,ce,0.001,200,HuggingFaceFW/fineweb-edu,vesteinn/babylm,NGRC_LanguageModel,,api.txt,,True,False,
../reports_ngrc/NGRC_LM(34.29M_d64_lag96_poly5_rank512_lr0.0005_bs200_seq256_20251216-165451_report.txt,NGRC_LM(34.29M_d64_lag96_poly5_rank512_lr0.0005_bs200_seq256_20251216-165451,526.397952987764,486.6280141983472,6.26605749130249,6.1875,34292224,532.1465528011322,3493309,0,ds_config.json,False,200,1,0.0005,200,200,1000,256,100000000.0,1,0.0,0.9,0.95,0.1,meta-llama/Llama-2-7b-hf,64,96,5.0,256,512.0,False,sgd,ce,0.001,200,HuggingFaceFW/fineweb-edu,vesteinn/babylm,NGRC_LanguageModel,,api.txt,,True,False,
../reports_ngrc/NGRC_LM(34.54M_d256_lag25_poly3_rank512_lr0.0005_bs200_seq256_20251217-002411_report.txt,NGRC_LM(34.54M_d256_lag25_poly3_rank512_lr0.0005_bs200_seq256_20251217-002411,269.46021788420296,334.45421691786504,5.596420764923096,5.8125,34537984,481.468385219574,4606954,0,ds_config.json,False,200,1,0.0005,200,200,1000,256,100000000.0,1,0.0,0.9,0.95,0.1,meta-llama/Llama-2-7b-hf,256,25,3.0,256,512.0,False,sgd,ce,0.001,200,HuggingFaceFW/fineweb-edu,vesteinn/babylm,NGRC_LanguageModel,,api.txt,,True,False,
../reports_ngrc/NGRC_LM(35.34M_d64_lag256_poly2_rank512_lr0.0005_bs200_seq256_20251214-101848_report.txt,NGRC_LM(35.34M_d64_lag256_poly2_rank512_lr0.0005_bs200_seq256_20251214-101848,617.0924109860468,534.4563168515505,6.425018787384033,6.28125,35340800,583.3756058216095,3419451,0,ds_config.json,False,200,1,0.0005,200,200,1000,256,100000000.0,1,0.0,0.9,0.95,0.1,meta-llama/Llama-2-7b-hf,64,256,2.0,256,512.0,False,sgd,ce,0.001,200,HuggingFaceFW/fineweb-edu,vesteinn/babylm,NGRC_LanguageModel,,api.txt,,True,False,
../reports_ngrc/NGRC_LM(36.34M_d128_lag48_poly5_rank512_lr0.0005_bs200_seq256_20251216-172227_report.txt,NGRC_LM(36.34M_d128_lag48_poly5_rank512_lr0.0005_bs200_seq256_20251216-172227,362.0159772359773,295.1548104863723,5.891688346862793,5.6875,36340224,533.2677459716797,4357768,0,ds_config.json,False,200,1,0.0005,200,200,1000,256,100000000.0,1,0.0,0.9,0.95,0.1,meta-llama/Llama-2-7b-hf,128,48,5.0,256,512.0,False,sgd,ce,0.001,200,HuggingFaceFW/fineweb-edu,vesteinn/babylm,NGRC_LanguageModel,,api.txt,,True,False,
../reports_ngrc/NGRC_LM(36.50M_d256_lag30_poly3_rank512_lr0.0005_bs200_seq256_20251217-003358_report.txt,NGRC_LM(36.50M_d256_lag30_poly3_rank512_lr0.0005_bs200_seq256_20251217-003358,270.9344028532167,295.1548104863723,5.601876735687256,5.6875,36504064,520.4008672237396,1859155,0,ds_config.json,False,200,1,0.0005,200,200,1000,256,100000000.0,1,0.0,0.9,0.95,0.1,meta-llama/Llama-2-7b-hf,256,30,3.0,256,512.0,False,sgd,ce,0.001,200,HuggingFaceFW/fineweb-edu,vesteinn/babylm,NGRC_LanguageModel,,api.txt,,True,False,
../reports_ngrc/NGRC_LM(36.83M_d512_lag5_poly3_rank512_lr0.0005_bs200_seq256_20251217-004431_report.txt,NGRC_LM(36.83M_d512_lag5_poly3_rank512_lr0.0005_bs200_seq256_20251217-004431,210.2124701907321,252.45928798182638,5.348118782043457,5.53125,36831744,447.17860174179077,1256111,0,ds_config.json,False,200,1,0.0005,200,200,1000,256,100000000.0,1,0.0,0.9,0.95,0.1,meta-llama/Llama-2-7b-hf,512,5,3.0,256,512.0,False,sgd,ce,0.001,200,HuggingFaceFW/fineweb-edu,vesteinn/babylm,NGRC_LanguageModel,,api.txt,,True,False,
../reports_ngrc/NGRC_LM(37.09M_d512_lag16_poly1_rank512_lr0.0005_bs200_seq256_20251214-111057_report.txt,NGRC_LM(37.09M_d512_lag16_poly1_rank512_lr0.0005_bs200_seq256_20251214-111057,308.9189536597485,356.0246606707791,5.733078956604004,5.875,37093888,469.17764019966125,4912928,0,ds_config.json,False,200,1,0.0005,200,200,1000,256,100000000.0,1,0.0,0.9,0.95,0.1,meta-llama/Llama-2-7b-hf,512,16,1.0,256,512.0,False,sgd,ce,0.001,200,HuggingFaceFW/fineweb-edu,vesteinn/babylm,NGRC_LanguageModel,,api.txt,,True,False,
../reports_ngrc/NGRC_LM(37.29M_d256_lag96_poly1_rank512_lr0.0005_bs200_seq256_20251216-174244_report.txt,NGRC_LM(37.29M_d256_lag96_poly1_rank512_lr0.0005_bs200_seq256_20251216-174244,451.13938613905606,486.6280141983472,6.111776351928711,6.1875,37290496,584.2915415763855,4240301,0,ds_config.json,False,200,1,0.0005,200,200,1000,256,100000000.0,1,0.0,0.9,0.95,0.1,meta-llama/Llama-2-7b-hf,256,96,1.0,256,512.0,False,sgd,ce,0.001,200,HuggingFaceFW/fineweb-edu,vesteinn/babylm,NGRC_LanguageModel,,api.txt,,True,False,
../reports_ngrc/NGRC_LM(37.39M_d128_lag128_poly2_rank512_lr0.0005_bs200_seq256_20251214-105425_report.txt,NGRC_LM(37.39M_d128_lag128_poly2_rank512_lr0.0005_bs200_seq256_20251214-105425,494.0238472585138,471.65604418826433,6.2025837898254395,6.15625,37388800,649.5651051998138,1564059,0,ds_config.json,False,200,1,0.0005,200,200,1000,256,100000000.0,1,0.0,0.9,0.95,0.1,meta-llama/Llama-2-7b-hf,128,128,2.0,256,512.0,False,sgd,ce,0.001,200,HuggingFaceFW/fineweb-edu,vesteinn/babylm,NGRC_LanguageModel,,api.txt,,True,False,
../reports_ngrc/NGRC_LM(37.39M_d128_lag256_poly1_rank512_lr0.0005_bs200_seq256_20251214-105802_report.txt,NGRC_LM(37.39M_d128_lag256_poly1_rank512_lr0.0005_bs200_seq256_20251214-105802,667.919114365245,586.9854309417088,6.504167079925537,6.375,37388800,653.6414592266083,2110284,0,ds_config.json,False,200,1,0.0005,200,200,1000,256,100000000.0,1,0.0,0.9,0.95,0.1,meta-llama/Llama-2-7b-hf,128,256,1.0,256,512.0,False,sgd,ce,0.001,200,HuggingFaceFW/fineweb-edu,vesteinn/babylm,NGRC_LanguageModel,,api.txt,,True,False,
../reports_ngrc/NGRC_LM(39.49M_d128_lag96_poly3_rank512_lr0.0005_bs200_seq256_20251216-171930_report.txt,NGRC_LM(39.49M_d128_lag96_poly3_rank512_lr0.0005_bs200_seq256_20251216-171930,379.1466063998919,356.0246606707791,5.937922954559326,5.875,39485952,668.609014749527,4703805,0,ds_config.json,False,200,1,0.0005,200,200,1000,256,100000000.0,1,0.0,0.9,0.95,0.1,meta-llama/Llama-2-7b-hf,128,96,3.0,256,512.0,False,sgd,ce,0.001,200,HuggingFaceFW/fineweb-edu,vesteinn/babylm,NGRC_LanguageModel,,api.txt,,True,False,
../reports_ngrc/NGRC_LM(40.76M_d512_lag10_poly3_rank512_lr0.0005_bs200_seq256_20251217-005340_report.txt,NGRC_LM(40.76M_d512_lag10_poly3_rank512_lr0.0005_bs200_seq256_20251217-005340,207.60992002029425,244.69193226422038,5.335660934448242,5.5,40763904,519.797513961792,4901160,0,ds_config.json,False,200,1,0.0005,200,200,1000,256,100000000.0,1,0.0,0.9,0.95,0.1,meta-llama/Llama-2-7b-hf,512,10,3.0,256,512.0,False,sgd,ce,0.001,200,HuggingFaceFW/fineweb-edu,vesteinn/babylm,NGRC_LanguageModel,,api.txt,,True,False,
../reports_ngrc/NGRC_LM(41.29M_d512_lag16_poly2_rank512_lr0.0005_bs200_seq256_20251214-112401_report.txt,NGRC_LM(41.29M_d512_lag16_poly2_rank512_lr0.0005_bs200_seq256_20251214-112401,251.9740137278632,268.7415131590023,5.52932596206665,5.59375,41288192,551.6709382534027,3734607,0,ds_config.json,False,200,1,0.0005,200,200,1000,256,100000000.0,1,0.0,0.9,0.95,0.1,meta-llama/Llama-2-7b-hf,512,16,2.0,256,512.0,False,sgd,ce,0.001,200,HuggingFaceFW/fineweb-edu,vesteinn/babylm,NGRC_LanguageModel,,api.txt,,True,False,
../reports_ngrc/NGRC_LM(41.29M_d512_lag32_poly1_rank512_lr0.0005_bs200_seq256_20251214-112035_report.txt,NGRC_LM(41.29M_d512_lag32_poly1_rank512_lr0.0005_bs200_seq256_20251214-112035,315.6063220854578,345.0709334152821,5.754495620727539,5.84375,41288192,545.0100004673004,4895026,0,ds_config.json,False,200,1,0.0005,200,200,1000,256,100000000.0,1,0.0,0.9,0.95,0.1,meta-llama/Llama-2-7b-hf,512,32,1.0,256,512.0,False,sgd,ce,0.001,200,HuggingFaceFW/fineweb-edu,vesteinn/babylm,NGRC_LanguageModel,,api.txt,,True,False,
../reports_ngrc/NGRC_LM(41.48M_d256_lag32_poly4_rank512_lr0.0005_bs200_seq256_20251216-174550_report.txt,NGRC_LM(41.48M_d256_lag32_poly4_rank512_lr0.0005_bs200_seq256_20251216-174550,289.60655983384646,268.7415131590023,5.66852331161499,5.59375,41484800,610.9465718269348,2610730,0,ds_config.json,False,200,1,0.0005,200,200,1000,256,100000000.0,1,0.0,0.9,0.95,0.1,meta-llama/Llama-2-7b-hf,256,32,4.0,256,512.0,False,sgd,ce,0.001,200,HuggingFaceFW/fineweb-edu,vesteinn/babylm,NGRC_LanguageModel,,api.txt,,True,False,
../reports_ngrc/NGRC_LM(41.58M_d128_lag64_poly5_rank512_lr0.0005_bs200_seq256_20251216-173356_report.txt,NGRC_LM(41.58M_d128_lag64_poly5_rank512_lr0.0005_bs200_seq256_20251216-173356,376.82515196039327,345.0709334152821,5.93178129196167,5.84375,41583104,627.4335026741028,4902697,0,ds_config.json,False,200,1,0.0005,200,200,1000,256,100000000.0,1,0.0,0.9,0.95,0.1,meta-llama/Llama-2-7b-hf,128,64,5.0,256,512.0,False,sgd,ce,0.001,200,HuggingFaceFW/fineweb-edu,vesteinn/babylm,NGRC_LanguageModel,,api.txt,,True,False,
../reports_ngrc/NGRC_LM(43.58M_d256_lag48_poly3_rank512_lr0.0005_bs200_seq256_20251216-175439_report.txt,NGRC_LM(43.58M_d256_lag48_poly3_rank512_lr0.0005_bs200_seq256_20251216-175439,289.912049260942,252.45928798182638,5.669577598571777,5.53125,43581952,679.4812095165253,1781219,0,ds_config.json,False,200,1,0.0005,200,200,1000,256,100000000.0,1,0.0,0.9,0.95,0.1,meta-llama/Llama-2-7b-hf,256,48,3.0,256,512.0,False,sgd,ce,0.001,200,HuggingFaceFW/fineweb-edu,vesteinn/babylm,NGRC_LanguageModel,,api.txt,,True,False,
../reports_ngrc/NGRC_LM(43.73M_d64_lag256_poly3_rank512_lr0.0005_bs200_seq256_20251214-102433_report.txt,NGRC_LM(43.73M_d64_lag256_poly3_rank512_lr0.0005_bs200_seq256_20251214-102433,549.5106465598293,534.4563168515505,6.309028148651123,6.28125,43729408,701.8913578987122,2875553,0,ds_config.json,False,200,1,0.0005,200,200,1000,256,100000000.0,1,0.0,0.9,0.95,0.1,meta-llama/Llama-2-7b-hf,64,256,3.0,256,512.0,False,sgd,ce,0.001,200,HuggingFaceFW/fineweb-edu,vesteinn/babylm,NGRC_LanguageModel,,api.txt,,True,False,
../reports_ngrc/NGRC_LM(44.70M_d512_lag15_poly3_rank512_lr0.0005_bs200_seq256_20251217-010420_report.txt,NGRC_LM(44.70M_d512_lag15_poly3_rank512_lr0.0005_bs200_seq256_20251217-010420,210.239034705047,209.29610089202527,5.348245143890381,5.34375,44696064,595.5384566783905,1169271,0,ds_config.json,False,200,1,0.0005,200,200,1000,256,100000000.0,1,0.0,0.9,0.95,0.1,meta-llama/Llama-2-7b-hf,512,15,3.0,256,512.0,False,sgd,ce,0.001,200,HuggingFaceFW/fineweb-edu,vesteinn/babylm,NGRC_LanguageModel,,api.txt,,True,False,
../reports_ngrc/NGRC_LM(45.48M_d512_lag16_poly3_rank512_lr0.0005_bs200_seq256_20251214-113932_report.txt,NGRC_LM(45.48M_d512_lag16_poly3_rank512_lr0.0005_bs200_seq256_20251214-113932,212.3648808057814,237.16355295871682,5.358305931091309,5.46875,45482496,596.1236817836761,1973596,0,ds_config.json,False,200,1,0.0005,200,200,1000,256,100000000.0,1,0.0,0.9,0.95,0.1,meta-llama/Llama-2-7b-hf,512,16,3.0,256,512.0,False,sgd,ce,0.001,200,HuggingFaceFW/fineweb-edu,vesteinn/babylm,NGRC_LanguageModel,,api.txt,,True,False,
../reports_ngrc/NGRC_LM(45.48M_d512_lag48_poly1_rank512_lr0.0005_bs200_seq256_20251216-182624_report.txt,NGRC_LM(45.48M_d512_lag48_poly1_rank512_lr0.0005_bs200_seq256_20251216-182624,324.98674259939173,304.5240299109616,5.78378438949585,5.71875,45482496,624.1322648525238,1020557,0,ds_config.json,False,200,1,0.0005,200,200,1000,256,100000000.0,1,0.0,0.9,0.95,0.1,meta-llama/Llama-2-7b-hf,512,48,1.0,256,512.0,False,sgd,ce,0.001,200,HuggingFaceFW/fineweb-edu,vesteinn/babylm,NGRC_LanguageModel,,api.txt,,True,False,
../reports_ngrc/NGRC_LM(45.68M_d256_lag32_poly5_rank512_lr0.0005_bs200_seq256_20251216-174851_report.txt,NGRC_LM(45.68M_d256_lag32_poly5_rank512_lr0.0005_bs200_seq256_20251216-174851,275.5655236317057,268.7415131590023,5.618825435638428,5.59375,45679104,659.1357007026672,3585585,0,ds_config.json,False,200,1,0.0005,200,200,1000,256,100000000.0,1,0.0,0.9,0.95,0.1,meta-llama/Llama-2-7b-hf,256,32,5.0,256,512.0,False,sgd,ce,0.001,200,HuggingFaceFW/fineweb-edu,vesteinn/babylm,NGRC_LanguageModel,,api.txt,,True,False,
../reports_ngrc/NGRC_LM(45.78M_d128_lag128_poly3_rank512_lr0.0005_bs200_seq256_20251214-110351_report.txt,NGRC_LM(45.78M_d128_lag128_poly3_rank512_lr0.0005_bs200_seq256_20251214-110351,401.0517843899014,345.0709334152821,5.994090557098389,5.84375,45777408,736.453263759613,1015847,0,ds_config.json,False,200,1,0.0005,200,200,1000,256,100000000.0,1,0.0,0.9,0.95,0.1,meta-llama/Llama-2-7b-hf,128,128,3.0,256,512.0,False,sgd,ce,0.001,200,HuggingFaceFW/fineweb-edu,vesteinn/babylm,NGRC_LanguageModel,,api.txt,,True,False,
../reports_ngrc/NGRC_LM(48.63M_d512_lag20_poly3_rank512_lr0.0005_bs200_seq256_20251217-011605_report.txt,NGRC_LM(48.63M_d512_lag20_poly3_rank512_lr0.0005_bs200_seq256_20251217-011605,214.435111706269,229.86679753407884,5.368007183074951,5.4375,48628224,643.4204251766205,3345050,0,ds_config.json,False,200,1,0.0005,200,200,1000,256,100000000.0,1,0.0,0.9,0.95,0.1,meta-llama/Llama-2-7b-hf,512,20,3.0,256,512.0,False,sgd,ce,0.001,200,HuggingFaceFW/fineweb-edu,vesteinn/babylm,NGRC_LanguageModel,,api.txt,,True,False,
../reports_ngrc/NGRC_LM(49.68M_d512_lag16_poly4_rank512_lr0.0005_bs200_seq256_20251216-180951_report.txt,NGRC_LM(49.68M_d512_lag16_poly4_rank512_lr0.0005_bs200_seq256_20251216-180951,221.03175296717905,252.45928798182638,5.398306369781494,5.53125,49676800,666.5571825504303,3805119,0,ds_config.json,False,200,1,0.0005,200,200,1000,256,100000000.0,1,0.0,0.9,0.95,0.1,meta-llama/Llama-2-7b-hf,512,16,4.0,256,512.0,False,sgd,ce,0.001,200,HuggingFaceFW/fineweb-edu,vesteinn/babylm,NGRC_LanguageModel,,api.txt,,True,False,
../reports_ngrc/NGRC_LM(49.68M_d512_lag32_poly2_rank512_lr0.0005_bs200_seq256_20251214-113509_report.txt,NGRC_LM(49.68M_d512_lag32_poly2_rank512_lr0.0005_bs200_seq256_20251214-113509,274.6572111310468,334.45421691786504,5.615523815155029,5.8125,49676800,673.4067716598511,4916514,0,ds_config.json,False,200,1,0.0005,200,200,1000,256,100000000.0,1,0.0,0.9,0.95,0.1,meta-llama/Llama-2-7b-hf,512,32,2.0,256,512.0,False,sgd,ce,0.001,200,HuggingFaceFW/fineweb-edu,vesteinn/babylm,NGRC_LanguageModel,,api.txt,,True,False,
../reports_ngrc/NGRC_LM(49.68M_d512_lag64_poly1_rank512_lr0.0005_bs200_seq256_20251214-113135_report.txt,NGRC_LM(49.68M_d512_lag64_poly1_rank512_lr0.0005_bs200_seq256_20251214-113135,342.3731624073438,334.45421691786504,5.835901260375977,5.8125,49676800,725.8635444641113,1074555,0,ds_config.json,False,200,1,0.0005,200,200,1000,256,100000000.0,1,0.0,0.9,0.95,0.1,meta-llama/Llama-2-7b-hf,512,64,1.0,256,512.0,False,sgd,ce,0.001,200,HuggingFaceFW/fineweb-edu,vesteinn/babylm,NGRC_LanguageModel,,api.txt,,True,False,
../reports_ngrc/NGRC_LM(52.56M_d512_lag25_poly3_rank512_lr0.0005_bs200_seq256_20251217-012841_report.txt,NGRC_LM(52.56M_d512_lag25_poly3_rank512_lr0.0005_bs200_seq256_20251217-012841,218.72265423439546,237.16355295871682,5.3878045082092285,5.46875,52560384,728.7353179454803,1051377,0,ds_config.json,False,200,1,0.0005,200,200,1000,256,100000000.0,1,0.0,0.9,0.95,0.1,meta-llama/Llama-2-7b-hf,512,25,3.0,256,512.0,False,sgd,ce,0.001,200,HuggingFaceFW/fineweb-edu,vesteinn/babylm,NGRC_LanguageModel,,api.txt,,True,False,
../reports_ngrc/NGRC_LM(54.17M_d128_lag256_poly2_rank512_lr0.0005_bs200_seq256_20251214-110708_report.txt,NGRC_LM(54.17M_d128_lag256_poly2_rank512_lr0.0005_bs200_seq256_20251214-110708,570.0051681423286,486.6280141983472,6.345645427703857,6.1875,54166016,897.8836016654968,1808863,0,ds_config.json,False,200,1,0.0005,200,200,1000,256,100000000.0,1,0.0,0.9,0.95,0.1,meta-llama/Llama-2-7b-hf,128,256,2.0,256,512.0,False,sgd,ce,0.001,200,HuggingFaceFW/fineweb-edu,vesteinn/babylm,NGRC_LanguageModel,,api.txt,,True,False,
../reports_ngrc/NGRC_LM(56.49M_d512_lag30_poly3_rank512_lr0.0005_bs200_seq256_20251217-014240_report.txt,NGRC_LM(56.49M_d512_lag30_poly3_rank512_lr0.0005_bs200_seq256_20251217-014240,224.5832717049732,252.45928798182638,5.414246559143066,5.53125,56492544,777.89435338974,4959054,0,ds_config.json,False,200,1,0.0005,200,200,1000,256,100000000.0,1,0.0,0.9,0.95,0.1,meta-llama/Llama-2-7b-hf,512,30,3.0,256,512.0,False,sgd,ce,0.001,200,HuggingFaceFW/fineweb-edu,vesteinn/babylm,NGRC_LanguageModel,,api.txt,,True,False,
../reports_ngrc/NGRC_LM(58.07M_d512_lag32_poly3_rank512_lr0.0005_bs200_seq256_20251214-115125_report.txt,NGRC_LM(58.07M_d512_lag32_poly3_rank512_lr0.0005_bs200_seq256_20251214-115125,226.23064733186925,260.4732060371668,5.421555042266846,5.5625,58065408,813.1173861026764,2021650,0,ds_config.json,False,200,1,0.0005,200,200,1000,256,100000000.0,1,0.0,0.9,0.95,0.1,meta-llama/Llama-2-7b-hf,512,32,3.0,256,512.0,False,sgd,ce,0.001,200,HuggingFaceFW/fineweb-edu,vesteinn/babylm,NGRC_LanguageModel,,api.txt,,True,False,
../reports_ngrc/NGRC_LM(58.07M_d512_lag96_poly1_rank512_lr0.0005_bs200_seq256_20251216-183837_report.txt,NGRC_LM(58.07M_d512_lag96_poly1_rank512_lr0.0005_bs200_seq256_20251216-183837,363.9090565215087,356.0246606707791,5.896903991699219,5.875,58065408,900.6847162246704,2368115,0,ds_config.json,False,200,1,0.0005,200,200,1000,256,100000000.0,1,0.0,0.9,0.95,0.1,meta-llama/Llama-2-7b-hf,512,96,1.0,256,512.0,False,sgd,ce,0.001,200,HuggingFaceFW/fineweb-edu,vesteinn/babylm,NGRC_LanguageModel,,api.txt,,True,False,
../reports_ngrc/NGRC_LM(62.46M_d256_lag96_poly3_rank512_lr0.0005_bs200_seq256_20251216-180801_report.txt,NGRC_LM(62.46M_d256_lag96_poly3_rank512_lr0.0005_bs200_seq256_20251216-180801,317.3869913942549,345.0709334152821,5.760121822357178,5.84375,62456320,993.685042142868,3551643,0,ds_config.json,False,200,1,0.0005,200,200,1000,256,100000000.0,1,0.0,0.9,0.95,0.1,meta-llama/Llama-2-7b-hf,256,96,3.0,256,512.0,False,sgd,ce,0.001,200,HuggingFaceFW/fineweb-edu,vesteinn/babylm,NGRC_LanguageModel,,api.txt,,True,False,
../reports_ngrc/NGRC_LM(66.45M_d512_lag128_poly1_rank512_lr0.0005_bs200_seq256_20251214-114536_report.txt,NGRC_LM(66.45M_d512_lag128_poly1_rank512_lr0.0005_bs200_seq256_20251214-114536,377.46843091485795,334.45421691786504,5.9334869384765625,5.8125,66454016,1083.121945142746,4689489,0,ds_config.json,False,200,1,0.0005,200,200,1000,256,100000000.0,1,0.0,0.9,0.95,0.1,meta-llama/Llama-2-7b-hf,512,128,1.0,256,512.0,False,sgd,ce,0.001,200,HuggingFaceFW/fineweb-edu,vesteinn/babylm,NGRC_LanguageModel,,api.txt,,True,False,
../reports_ngrc/NGRC_LM(70.65M_d512_lag48_poly3_rank512_lr0.0005_bs200_seq256_20251216-185610_report.txt,NGRC_LM(70.65M_d512_lag48_poly3_rank512_lr0.0005_bs200_seq256_20251216-185610,244.14241249534777,252.45928798182638,5.497751712799072,5.53125,70648320,1053.925936460495,4104057,0,ds_config.json,False,200,1,0.0005,200,200,1000,256,100000000.0,1,0.0,0.9,0.95,0.1,meta-llama/Llama-2-7b-hf,512,48,3.0,256,512.0,False,sgd,ce,0.001,200,HuggingFaceFW/fineweb-edu,vesteinn/babylm,NGRC_LanguageModel,,api.txt,,True,False,
../reports_ngrc/NGRC_LM(70.94M_d128_lag256_poly3_rank512_lr0.0005_bs200_seq256_20251214-111804_report.txt,NGRC_LM(70.94M_d128_lag256_poly3_rank512_lr0.0005_bs200_seq256_20251214-111804,450.3851611476444,416.23499808144635,6.110103130340576,6.03125,70943232,1169.930472612381,2427295,0,ds_config.json,False,200,1,0.0005,200,200,1000,256,100000000.0,1,0.0,0.9,0.95,0.1,meta-llama/Llama-2-7b-hf,128,256,3.0,256,512.0,False,sgd,ce,0.001,200,HuggingFaceFW/fineweb-edu,vesteinn/babylm,NGRC_LanguageModel,,api.txt,,True,False,
../reports_ngrc/NGRC_LM(83.23M_d512_lag64_poly3_rank512_lr0.0005_bs200_seq256_20251214-120651_report.txt,NGRC_LM(83.23M_d512_lag64_poly3_rank512_lr0.0005_bs200_seq256_20251214-120651,256.93358685225513,268.7415131590023,5.5488176345825195,5.59375,83231232,1271.143391609192,2298186,0,ds_config.json,False,200,1,0.0005,200,200,1000,256,100000000.0,1,0.0,0.9,0.95,0.1,meta-llama/Llama-2-7b-hf,512,64,3.0,256,512.0,False,sgd,ce,0.001,200,HuggingFaceFW/fineweb-edu,vesteinn/babylm,NGRC_LanguageModel,,api.txt,,True,False,
